saptamana,zona,produs,pret_lei,variatie_procente
SAPTAMANA 18/2025 (Saptamana 01 - 07 mai 2025),VEST,GRAU PT PANIFICATIE (lei/tona),1135,0.27
SAPTAMANA 18/2025 (Saptamana 01 - 07 mai 2025),VEST,GRAU FURAJER (lei/tona),1051,6.7
SAPTAMANA 18/2025 (Saptamana 01 - 07 mai 2025),VEST,PORUMB (lei/tona),935,-8.15
SAPTAMANA 18/2025 (Saptamana 01 - 07 mai 2025),VEST,ORZ (lei/tona),-,0
SAPTAMANA 18/2025 (Saptamana 01 - 07 mai 2025),EST,GRAU PT PANIFICATIE (lei/tona),1105,0.64
SAPTAMANA 18/2025 (Saptamana 01 - 07 mai 2025),EST,GRAU FURAJER (lei/tona),914,-10.57
SAPTAMANA 18/2025 (Saptamana 01 - 07 mai 2025),EST,PORUMB (lei/tona),1041,-1.05
SAPTAMANA 18/2025 (Saptamana 01 - 07 mai 2025),EST,ORZ (lei/tona),-,0
SAPTAMANA 18/2025 (Saptamana 01 - 07 mai 2025),SUD,GRAU PT PANIFICATIE (lei/tona),1078,-0.19
SAPTAMANA 18/2025 (Saptamana 01 - 07 mai 2025),SUD,GRAU FURAJER (lei/tona),1050,0
SAPTAMANA 18/2025 (Saptamana 01 - 07 mai 2025),SUD,PORUMB (lei/tona),1094,0.74
SAPTAMANA 18/2025 (Saptamana 01 - 07 mai 2025),SUD,ORZ (lei/tona),-,0
SAPTAMANA 18/2025 (Saptamana 01 - 07 mai 2025),FOB CONSTANTA,GRAU PT PANIFICATIE (lei/tona),-,0
SAPTAMANA 18/2025 (Saptamana 01 - 07 mai 2025),FOB CONSTANTA,GRAU FURAJER (lei/tona),-,0
SAPTAMANA 18/2025 (Saptamana 01 - 07 mai 2025),FOB CONSTANTA,PORUMB (lei/tona),-,0
SAPTAMANA 18/2025 (Saptamana 01 - 07 mai 2025),FOB CONSTANTA,ORZ (lei/tona),1039,6.02
SAPTAMANA 18/2025 (Saptamana 01 - 07 mai 2025),VEST,ORZ FURAJER (lei/tona),1028,1.28
SAPTAMANA 18/2025 (Saptamana 01 - 07 mai 2025),VEST,FLOAREA SOARELUI (lei/tona),2639,5.77
SAPTAMANA 18/2025 (Saptamana 01 - 07 mai 2025),VEST,RAPITA (lei/tona),2623,7.54
SAPTAMANA 18/2025 (Saptamana 01 - 07 mai 2025),VEST,MERE (lei/tona),-,0
SAPTAMANA 18/2025 (Saptamana 01 - 07 mai 2025),EST,ORZ FURAJER (lei/tona),1006,-3.27
SAPTAMANA 18/2025 (Saptamana 01 - 07 mai 2025),EST,FLOAREA SOARELUI (lei/tona),2479,0.65
SAPTAMANA 18/2025 (Saptamana 01 - 07 mai 2025),EST,RAPITA (lei/tona),-,0
SAPTAMANA 18/2025 (Saptamana 01 - 07 mai 2025),EST,MERE (lei/tona),-,0
SAPTAMANA 18/2025 (Saptamana 01 - 07 mai 2025),SUD,ORZ FURAJER (lei/tona),1012,-2.69
SAPTAMANA 18/2025 (Saptamana 01 - 07 mai 2025),SUD,FLOAREA SOARELUI (lei/tona),2401,0.97
SAPTAMANA 18/2025 (Saptamana 01 - 07 mai 2025),SUD,RAPITA (lei/tona),2600,5.73
SAPTAMANA 18/2025 (Saptamana 01 - 07 mai 2025),SUD,MERE (lei/tona),-,0
SAPTAMANA 18/2025 (Saptamana 01 - 07 mai 2025),FOB CONSTANTA,ORZ FURAJER (lei/tona),-,0
SAPTAMANA 18/2025 (Saptamana 01 - 07 mai 2025),FOB CONSTANTA,FLOAREA SOARELUI (lei/tona),-,0
SAPTAMANA 18/2025 (Saptamana 01 - 07 mai 2025),FOB CONSTANTA,RAPITA (lei/tona),-,0
SAPTAMANA 18/2025 (Saptamana 01 - 07 mai 2025),FOB CONSTANTA,MERE (lei/tona),-,0
SAPTAMANA 17/2025 (Saptamana 24 - 30 aprilie 2025),VEST,GRAU PT PANIFICATIE (lei/tona),1061,3.11
SAPTAMANA 17/2025 (Saptamana 24 - 30 aprilie 2025),VEST,GRAU FURAJER (lei/tona),1018,6.82
SAPTAMANA 17/2025 (Saptamana 24 - 30 aprilie 2025),VEST,PORUMB (lei/tona),993,0.51
SAPTAMANA 17/2025 (Saptamana 24 - 30 aprilie 2025),VEST,ORZ (lei/tona),-,0
SAPTAMANA 17/2025 (Saptamana 24 - 30 aprilie 2025),EST,GRAU PT PANIFICATIE (lei/tona),1104,-0.99
SAPTAMANA 17/2025 (Saptamana 24 - 30 aprilie 2025),EST,GRAU FURAJER (lei/tona),992,-2.94
SAPTAMANA 17/2025 (Saptamana 24 - 30 aprilie 2025),EST,PORUMB (lei/tona),1050,-1.69
SAPTAMANA 17/2025 (Saptamana 24 - 30 aprilie 2025),EST,ORZ (lei/tona),-,0
SAPTAMANA 17/2025 (Saptamana 24 - 30 aprilie 2025),SUD,GRAU PT PANIFICATIE (lei/tona),1092,1.49
SAPTAMANA 17/2025 (Saptamana 24 - 30 aprilie 2025),SUD,GRAU FURAJER (lei/tona),1043,-0.67
SAPTAMANA 17/2025 (Saptamana 24 - 30 aprilie 2025),SUD,PORUMB (lei/tona),1059,-9.56
SAPTAMANA 17/2025 (Saptamana 24 - 30 aprilie 2025),SUD,ORZ (lei/tona),-,0
SAPTAMANA 17/2025 (Saptamana 24 - 30 aprilie 2025),FOB CONSTANTA,GRAU PT PANIFICATIE (lei/tona),1111,3.45
SAPTAMANA 17/2025 (Saptamana 24 - 30 aprilie 2025),FOB CONSTANTA,GRAU FURAJER (lei/tona),-,0
SAPTAMANA 17/2025 (Saptamana 24 - 30 aprilie 2025),FOB CONSTANTA,PORUMB (lei/tona),-,0
SAPTAMANA 17/2025 (Saptamana 24 - 30 aprilie 2025),FOB CONSTANTA,ORZ (lei/tona),-,0
SAPTAMANA 17/2025 (Saptamana 24 - 30 aprilie 2025),VEST,ORZ FURAJER (lei/tona),1057,-3.91
SAPTAMANA 17/2025 (Saptamana 24 - 30 aprilie 2025),VEST,FLOAREA SOARELUI (lei/tona),2645,4.13
SAPTAMANA 17/2025 (Saptamana 24 - 30 aprilie 2025),VEST,RAPITA (lei/tona),-,0
SAPTAMANA 17/2025 (Saptamana 24 - 30 aprilie 2025),VEST,MERE (lei/tona),-,0
SAPTAMANA 17/2025 (Saptamana 24 - 30 aprilie 2025),EST,ORZ FURAJER (lei/tona),969,-6.83
SAPTAMANA 17/2025 (Saptamana 24 - 30 aprilie 2025),EST,FLOAREA SOARELUI (lei/tona),2416,-14.69
SAPTAMANA 17/2025 (Saptamana 24 - 30 aprilie 2025),EST,RAPITA (lei/tona),-,0
SAPTAMANA 17/2025 (Saptamana 24 - 30 aprilie 2025),EST,MERE (lei/tona),-,0
SAPTAMANA 17/2025 (Saptamana 24 - 30 aprilie 2025),SUD,ORZ FURAJER (lei/tona),1019,-1.74
SAPTAMANA 17/2025 (Saptamana 24 - 30 aprilie 2025),SUD,FLOAREA SOARELUI (lei/tona),2406,10.37
SAPTAMANA 17/2025 (Saptamana 24 - 30 aprilie 2025),SUD,RAPITA (lei/tona),2459,11.02
SAPTAMANA 17/2025 (Saptamana 24 - 30 aprilie 2025),SUD,MERE (lei/tona),-,0
SAPTAMANA 17/2025 (Saptamana 24 - 30 aprilie 2025),FOB CONSTANTA,ORZ FURAJER (lei/tona),-,0
SAPTAMANA 17/2025 (Saptamana 24 - 30 aprilie 2025),FOB CONSTANTA,FLOAREA SOARELUI (lei/tona),-,0
SAPTAMANA 17/2025 (Saptamana 24 - 30 aprilie 2025),FOB CONSTANTA,RAPITA (lei/tona),-,0
SAPTAMANA 17/2025 (Saptamana 24 - 30 aprilie 2025),FOB CONSTANTA,MERE (lei/tona),-,0
SAPTAMANA 16/2025 (Saptamana 17 - 23 aprilie 2025),VEST,GRAU PT PANIFICATIE (lei/tona),1029,-9.1
SAPTAMANA 16/2025 (Saptamana 17 - 23 aprilie 2025),VEST,GRAU FURAJER (lei/tona),953,-3.25
SAPTAMANA 16/2025 (Saptamana 17 - 23 aprilie 2025),VEST,PORUMB (lei/tona),988,-2.95
SAPTAMANA 16/2025 (Saptamana 17 - 23 aprilie 2025),VEST,ORZ (lei/tona),-,0
SAPTAMANA 16/2025 (Saptamana 17 - 23 aprilie 2025),EST,GRAU PT PANIFICATIE (lei/tona),1115,1.55
SAPTAMANA 16/2025 (Saptamana 17 - 23 aprilie 2025),EST,GRAU FURAJER (lei/tona),-,0
SAPTAMANA 16/2025 (Saptamana 17 - 23 aprilie 2025),EST,PORUMB (lei/tona),1068,1.52
SAPTAMANA 16/2025 (Saptamana 17 - 23 aprilie 2025),EST,ORZ (lei/tona),-,0
SAPTAMANA 16/2025 (Saptamana 17 - 23 aprilie 2025),SUD,GRAU PT PANIFICATIE (lei/tona),1076,-0.37
SAPTAMANA 16/2025 (Saptamana 17 - 23 aprilie 2025),SUD,GRAU FURAJER (lei/tona),-,0
SAPTAMANA 16/2025 (Saptamana 17 - 23 aprilie 2025),SUD,PORUMB (lei/tona),1171,7.83
SAPTAMANA 16/2025 (Saptamana 17 - 23 aprilie 2025),SUD,ORZ (lei/tona),-,0
SAPTAMANA 16/2025 (Saptamana 17 - 23 aprilie 2025),FOB CONSTANTA,GRAU PT PANIFICATIE (lei/tona),1074,-1.56
SAPTAMANA 16/2025 (Saptamana 17 - 23 aprilie 2025),FOB CONSTANTA,GRAU FURAJER (lei/tona),-,0
SAPTAMANA 16/2025 (Saptamana 17 - 23 aprilie 2025),FOB CONSTANTA,PORUMB (lei/tona),1060,1.24
SAPTAMANA 16/2025 (Saptamana 17 - 23 aprilie 2025),FOB CONSTANTA,ORZ (lei/tona),980,-9.01
SAPTAMANA 16/2025 (Saptamana 17 - 23 aprilie 2025),VEST,ORZ FURAJER (lei/tona),1100,8.37
SAPTAMANA 16/2025 (Saptamana 17 - 23 aprilie 2025),VEST,FLOAREA SOARELUI (lei/tona),2540,1.8
SAPTAMANA 16/2025 (Saptamana 17 - 23 aprilie 2025),VEST,RAPITA (lei/tona),-,0
SAPTAMANA 16/2025 (Saptamana 17 - 23 aprilie 2025),VEST,MERE (lei/tona),-,0
SAPTAMANA 16/2025 (Saptamana 17 - 23 aprilie 2025),EST,ORZ FURAJER (lei/tona),-,0
SAPTAMANA 16/2025 (Saptamana 17 - 23 aprilie 2025),EST,FLOAREA SOARELUI (lei/tona),2832,14.98
SAPTAMANA 16/2025 (Saptamana 17 - 23 aprilie 2025),EST,RAPITA (lei/tona),-,0
SAPTAMANA 16/2025 (Saptamana 17 - 23 aprilie 2025),EST,MERE (lei/tona),-,0
SAPTAMANA 16/2025 (Saptamana 17 - 23 aprilie 2025),SUD,ORZ FURAJER (lei/tona),1037,-0.29
SAPTAMANA 16/2025 (Saptamana 17 - 23 aprilie 2025),SUD,FLOAREA SOARELUI (lei/tona),2180,-8.33
SAPTAMANA 16/2025 (Saptamana 17 - 23 aprilie 2025),SUD,RAPITA (lei/tona),2215,-9.89
SAPTAMANA 16/2025 (Saptamana 17 - 23 aprilie 2025),SUD,MERE (lei/tona),-,0
SAPTAMANA 16/2025 (Saptamana 17 - 23 aprilie 2025),FOB CONSTANTA,ORZ FURAJER (lei/tona),-,0
SAPTAMANA 16/2025 (Saptamana 17 - 23 aprilie 2025),FOB CONSTANTA,FLOAREA SOARELUI (lei/tona),-,0
SAPTAMANA 16/2025 (Saptamana 17 - 23 aprilie 2025),FOB CONSTANTA,RAPITA (lei/tona),-,0
SAPTAMANA 16/2025 (Saptamana 17 - 23 aprilie 2025),FOB CONSTANTA,MERE (lei/tona),-,0
SAPTAMANA 15/2025 (Saptamana 10 - 16 aprilie 2025),VEST,GRAU PT PANIFICATIE (lei/tona),1132,6.59
SAPTAMANA 15/2025 (Saptamana 10 - 16 aprilie 2025),VEST,GRAU FURAJER (lei/tona),985,-2.18
SAPTAMANA 15/2025 (Saptamana 10 - 16 aprilie 2025),VEST,PORUMB (lei/tona),1018,4.09
SAPTAMANA 15/2025 (Saptamana 10 - 16 aprilie 2025),VEST,ORZ (lei/tona),-,0
SAPTAMANA 15/2025 (Saptamana 10 - 16 aprilie 2025),EST,GRAU PT PANIFICATIE (lei/tona),1098,1.39
SAPTAMANA 15/2025 (Saptamana 10 - 16 aprilie 2025),EST,GRAU FURAJER (lei/tona),1022,-1.16
SAPTAMANA 15/2025 (Saptamana 10 - 16 aprilie 2025),EST,PORUMB (lei/tona),1052,3.44
SAPTAMANA 15/2025 (Saptamana 10 - 16 aprilie 2025),EST,ORZ (lei/tona),-,0
SAPTAMANA 15/2025 (Saptamana 10 - 16 aprilie 2025),SUD,GRAU PT PANIFICATIE (lei/tona),1080,0.09
SAPTAMANA 15/2025 (Saptamana 10 - 16 aprilie 2025),SUD,GRAU FURAJER (lei/tona),1050,0
SAPTAMANA 15/2025 (Saptamana 10 - 16 aprilie 2025),SUD,PORUMB (lei/tona),1086,5.23
SAPTAMANA 15/2025 (Saptamana 10 - 16 aprilie 2025),SUD,ORZ (lei/tona),-,0
SAPTAMANA 15/2025 (Saptamana 10 - 16 aprilie 2025),FOB CONSTANTA,GRAU PT PANIFICATIE (lei/tona),1091,-3.02
SAPTAMANA 15/2025 (Saptamana 10 - 16 aprilie 2025),FOB CONSTANTA,GRAU FURAJER (lei/tona),-,0
SAPTAMANA 15/2025 (Saptamana 10 - 16 aprilie 2025),FOB CONSTANTA,PORUMB (lei/tona),1047,-1.23
SAPTAMANA 15/2025 (Saptamana 10 - 16 aprilie 2025),FOB CONSTANTA,ORZ (lei/tona),1077,1.8
SAPTAMANA 15/2025 (Saptamana 10 - 16 aprilie 2025),VEST,ORZ FURAJER (lei/tona),1015,0.69
SAPTAMANA 15/2025 (Saptamana 10 - 16 aprilie 2025),VEST,FLOAREA SOARELUI (lei/tona),2495,-5.02
SAPTAMANA 15/2025 (Saptamana 10 - 16 aprilie 2025),VEST,RAPITA (lei/tona),2439,31.98
SAPTAMANA 15/2025 (Saptamana 10 - 16 aprilie 2025),VEST,MERE (lei/tona),-,0
SAPTAMANA 15/2025 (Saptamana 10 - 16 aprilie 2025),EST,ORZ FURAJER (lei/tona),1040,4
SAPTAMANA 15/2025 (Saptamana 10 - 16 aprilie 2025),EST,FLOAREA SOARELUI (lei/tona),2463,-9.98
SAPTAMANA 15/2025 (Saptamana 10 - 16 aprilie 2025),EST,RAPITA (lei/tona),2218,4.62
SAPTAMANA 15/2025 (Saptamana 10 - 16 aprilie 2025),EST,MERE (lei/tona),-,0
SAPTAMANA 15/2025 (Saptamana 10 - 16 aprilie 2025),SUD,ORZ FURAJER (lei/tona),1040,-0.95
SAPTAMANA 15/2025 (Saptamana 10 - 16 aprilie 2025),SUD,FLOAREA SOARELUI (lei/tona),2378,-10.64
SAPTAMANA 15/2025 (Saptamana 10 - 16 aprilie 2025),SUD,RAPITA (lei/tona),2458,-0.08
SAPTAMANA 15/2025 (Saptamana 10 - 16 aprilie 2025),SUD,MERE (lei/tona),-,0
SAPTAMANA 15/2025 (Saptamana 10 - 16 aprilie 2025),FOB CONSTANTA,ORZ FURAJER (lei/tona),-,0
SAPTAMANA 15/2025 (Saptamana 10 - 16 aprilie 2025),FOB CONSTANTA,FLOAREA SOARELUI (lei/tona),-,0
SAPTAMANA 15/2025 (Saptamana 10 - 16 aprilie 2025),FOB CONSTANTA,RAPITA (lei/tona),-,0
SAPTAMANA 15/2025 (Saptamana 10 - 16 aprilie 2025),FOB CONSTANTA,MERE (lei/tona),-,0
SAPTAMANA 14/2025 (Saptamana 03 - 09 aprilie 2025),VEST,GRAU PT PANIFICATIE (lei/tona),1062,-1.39
SAPTAMANA 14/2025 (Saptamana 03 - 09 aprilie 2025),VEST,GRAU FURAJER (lei/tona),1007,-7.19
SAPTAMANA 14/2025 (Saptamana 03 - 09 aprilie 2025),VEST,PORUMB (lei/tona),978,1.77
SAPTAMANA 14/2025 (Saptamana 03 - 09 aprilie 2025),VEST,ORZ (lei/tona),-,0
SAPTAMANA 14/2025 (Saptamana 03 - 09 aprilie 2025),EST,GRAU PT PANIFICATIE (lei/tona),1083,-1.55
SAPTAMANA 14/2025 (Saptamana 03 - 09 aprilie 2025),EST,GRAU FURAJER (lei/tona),1034,0.29
SAPTAMANA 14/2025 (Saptamana 03 - 09 aprilie 2025),EST,PORUMB (lei/tona),1017,-0.59
SAPTAMANA 14/2025 (Saptamana 03 - 09 aprilie 2025),EST,ORZ (lei/tona),-,0
SAPTAMANA 14/2025 (Saptamana 03 - 09 aprilie 2025),SUD,GRAU PT PANIFICATIE (lei/tona),1079,0.09
SAPTAMANA 14/2025 (Saptamana 03 - 09 aprilie 2025),SUD,GRAU FURAJER (lei/tona),1050,2.04
SAPTAMANA 14/2025 (Saptamana 03 - 09 aprilie 2025),SUD,PORUMB (lei/tona),1032,2.99
SAPTAMANA 14/2025 (Saptamana 03 - 09 aprilie 2025),SUD,ORZ (lei/tona),-,0
SAPTAMANA 14/2025 (Saptamana 03 - 09 aprilie 2025),FOB CONSTANTA,GRAU PT PANIFICATIE (lei/tona),1125,-2.93
SAPTAMANA 14/2025 (Saptamana 03 - 09 aprilie 2025),FOB CONSTANTA,GRAU FURAJER (lei/tona),-,0
SAPTAMANA 14/2025 (Saptamana 03 - 09 aprilie 2025),FOB CONSTANTA,PORUMB (lei/tona),1060,-1.49
SAPTAMANA 14/2025 (Saptamana 03 - 09 aprilie 2025),FOB CONSTANTA,ORZ (lei/tona),-,0
SAPTAMANA 14/2025 (Saptamana 03 - 09 aprilie 2025),VEST,ORZ FURAJER (lei/tona),1008,-3.91
SAPTAMANA 14/2025 (Saptamana 03 - 09 aprilie 2025),VEST,FLOAREA SOARELUI (lei/tona),2627,2.74
SAPTAMANA 14/2025 (Saptamana 03 - 09 aprilie 2025),VEST,RAPITA (lei/tona),1848,-30.19
SAPTAMANA 14/2025 (Saptamana 03 - 09 aprilie 2025),VEST,MERE (lei/tona),-,0
SAPTAMANA 14/2025 (Saptamana 03 - 09 aprilie 2025),EST,ORZ FURAJER (lei/tona),1000,0
SAPTAMANA 14/2025 (Saptamana 03 - 09 aprilie 2025),EST,FLOAREA SOARELUI (lei/tona),2736,4.67
SAPTAMANA 14/2025 (Saptamana 03 - 09 aprilie 2025),EST,RAPITA (lei/tona),2120,-20.06
SAPTAMANA 14/2025 (Saptamana 03 - 09 aprilie 2025),EST,MERE (lei/tona),-,0
SAPTAMANA 14/2025 (Saptamana 03 - 09 aprilie 2025),SUD,ORZ FURAJER (lei/tona),-,0
SAPTAMANA 14/2025 (Saptamana 03 - 09 aprilie 2025),SUD,FLOAREA SOARELUI (lei/tona),2661,14.06
SAPTAMANA 14/2025 (Saptamana 03 - 09 aprilie 2025),SUD,RAPITA (lei/tona),2460,6.13
SAPTAMANA 14/2025 (Saptamana 03 - 09 aprilie 2025),SUD,MERE (lei/tona),-,0
SAPTAMANA 14/2025 (Saptamana 03 - 09 aprilie 2025),FOB CONSTANTA,ORZ FURAJER (lei/tona),-,0
SAPTAMANA 14/2025 (Saptamana 03 - 09 aprilie 2025),FOB CONSTANTA,FLOAREA SOARELUI (lei/tona),-,0
SAPTAMANA 14/2025 (Saptamana 03 - 09 aprilie 2025),FOB CONSTANTA,RAPITA (lei/tona),-,0
SAPTAMANA 14/2025 (Saptamana 03 - 09 aprilie 2025),FOB CONSTANTA,MERE (lei/tona),-,0
SAPTAMANA 13/2025 (Saptamana 27 martie - 02 aprilie 2025),VEST,GRAU PT PANIFICATIE (lei/tona),1077,-3.06
SAPTAMANA 13/2025 (Saptamana 27 martie - 02 aprilie 2025),VEST,GRAU FURAJER (lei/tona),1085,3.93
SAPTAMANA 13/2025 (Saptamana 27 martie - 02 aprilie 2025),VEST,PORUMB (lei/tona),961,-1.03
SAPTAMANA 13/2025 (Saptamana 27 martie - 02 aprilie 2025),VEST,ORZ (lei/tona),-,0
SAPTAMANA 13/2025 (Saptamana 27 martie - 02 aprilie 2025),EST,GRAU PT PANIFICATIE (lei/tona),1100,-1.61
SAPTAMANA 13/2025 (Saptamana 27 martie - 02 aprilie 2025),EST,GRAU FURAJER (lei/tona),1031,2.08
SAPTAMANA 13/2025 (Saptamana 27 martie - 02 aprilie 2025),EST,PORUMB (lei/tona),1023,6.23
SAPTAMANA 13/2025 (Saptamana 27 martie - 02 aprilie 2025),EST,ORZ (lei/tona),-,0
SAPTAMANA 13/2025 (Saptamana 27 martie - 02 aprilie 2025),SUD,GRAU PT PANIFICATIE (lei/tona),1078,0.84
SAPTAMANA 13/2025 (Saptamana 27 martie - 02 aprilie 2025),SUD,GRAU FURAJER (lei/tona),1029,-0.39
SAPTAMANA 13/2025 (Saptamana 27 martie - 02 aprilie 2025),SUD,PORUMB (lei/tona),1002,-4.02
SAPTAMANA 13/2025 (Saptamana 27 martie - 02 aprilie 2025),SUD,ORZ (lei/tona),-,0
SAPTAMANA 13/2025 (Saptamana 27 martie - 02 aprilie 2025),FOB CONSTANTA,GRAU PT PANIFICATIE (lei/tona),1159,1.4
SAPTAMANA 13/2025 (Saptamana 27 martie - 02 aprilie 2025),FOB CONSTANTA,GRAU FURAJER (lei/tona),-,0
SAPTAMANA 13/2025 (Saptamana 27 martie - 02 aprilie 2025),FOB CONSTANTA,PORUMB (lei/tona),1076,-6.11
SAPTAMANA 13/2025 (Saptamana 27 martie - 02 aprilie 2025),FOB CONSTANTA,ORZ (lei/tona),1058,-1.12
SAPTAMANA 13/2025 (Saptamana 27 martie - 02 aprilie 2025),VEST,ORZ FURAJER (lei/tona),1049,-4.55
SAPTAMANA 13/2025 (Saptamana 27 martie - 02 aprilie 2025),VEST,FLOAREA SOARELUI (lei/tona),2557,-2.07
SAPTAMANA 13/2025 (Saptamana 27 martie - 02 aprilie 2025),VEST,RAPITA (lei/tona),2647,-0.08
SAPTAMANA 13/2025 (Saptamana 27 martie - 02 aprilie 2025),VEST,MERE (lei/tona),-,0
SAPTAMANA 13/2025 (Saptamana 27 martie - 02 aprilie 2025),EST,ORZ FURAJER (lei/tona),1000,-3.1
SAPTAMANA 13/2025 (Saptamana 27 martie - 02 aprilie 2025),EST,FLOAREA SOARELUI (lei/tona),2614,-4.95
SAPTAMANA 13/2025 (Saptamana 27 martie - 02 aprilie 2025),EST,RAPITA (lei/tona),2652,28.74
SAPTAMANA 13/2025 (Saptamana 27 martie - 02 aprilie 2025),EST,MERE (lei/tona),-,0
SAPTAMANA 13/2025 (Saptamana 27 martie - 02 aprilie 2025),SUD,ORZ FURAJER (lei/tona),1050,0
SAPTAMANA 13/2025 (Saptamana 27 martie - 02 aprilie 2025),SUD,FLOAREA SOARELUI (lei/tona),2333,0.17
SAPTAMANA 13/2025 (Saptamana 27 martie - 02 aprilie 2025),SUD,RAPITA (lei/tona),2318,-1.78
SAPTAMANA 13/2025 (Saptamana 27 martie - 02 aprilie 2025),SUD,MERE (lei/tona),-,0
SAPTAMANA 13/2025 (Saptamana 27 martie - 02 aprilie 2025),FOB CONSTANTA,ORZ FURAJER (lei/tona),-,0
SAPTAMANA 13/2025 (Saptamana 27 martie - 02 aprilie 2025),FOB CONSTANTA,FLOAREA SOARELUI (lei/tona),-,0
SAPTAMANA 13/2025 (Saptamana 27 martie - 02 aprilie 2025),FOB CONSTANTA,RAPITA (lei/tona),-,0
SAPTAMANA 13/2025 (Saptamana 27 martie - 02 aprilie 2025),FOB CONSTANTA,MERE (lei/tona),-,0
SAPTAMANA 12/2025 (Saptamana 20 - 26 martie 2025),VEST,GRAU PT PANIFICATIE (lei/tona),1111,3.45
SAPTAMANA 12/2025 (Saptamana 20 - 26 martie 2025),VEST,GRAU FURAJER (lei/tona),1044,-1.04
SAPTAMANA 12/2025 (Saptamana 20 - 26 martie 2025),VEST,PORUMB (lei/tona),971,-1.72
SAPTAMANA 12/2025 (Saptamana 20 - 26 martie 2025),VEST,ORZ (lei/tona),-,0
SAPTAMANA 12/2025 (Saptamana 20 - 26 martie 2025),EST,GRAU PT PANIFICATIE (lei/tona),1118,-1.32
SAPTAMANA 12/2025 (Saptamana 20 - 26 martie 2025),EST,GRAU FURAJER (lei/tona),1010,-5.78
SAPTAMANA 12/2025 (Saptamana 20 - 26 martie 2025),EST,PORUMB (lei/tona),963,-0.31
SAPTAMANA 12/2025 (Saptamana 20 - 26 martie 2025),EST,ORZ (lei/tona),-,0
SAPTAMANA 12/2025 (Saptamana 20 - 26 martie 2025),SUD,GRAU PT PANIFICATIE (lei/tona),1069,3.38
SAPTAMANA 12/2025 (Saptamana 20 - 26 martie 2025),SUD,GRAU FURAJER (lei/tona),1033,1.87
SAPTAMANA 12/2025 (Saptamana 20 - 26 martie 2025),SUD,PORUMB (lei/tona),1044,6.64
SAPTAMANA 12/2025 (Saptamana 20 - 26 martie 2025),SUD,ORZ (lei/tona),-,0
SAPTAMANA 12/2025 (Saptamana 20 - 26 martie 2025),FOB CONSTANTA,GRAU PT PANIFICATIE (lei/tona),1143,7.42
SAPTAMANA 12/2025 (Saptamana 20 - 26 martie 2025),FOB CONSTANTA,GRAU FURAJER (lei/tona),-,0
SAPTAMANA 12/2025 (Saptamana 20 - 26 martie 2025),FOB CONSTANTA,PORUMB (lei/tona),1146,15.06
SAPTAMANA 12/2025 (Saptamana 20 - 26 martie 2025),FOB CONSTANTA,ORZ (lei/tona),-,0
SAPTAMANA 12/2025 (Saptamana 20 - 26 martie 2025),VEST,ORZ FURAJER (lei/tona),1099,8.81
SAPTAMANA 12/2025 (Saptamana 20 - 26 martie 2025),VEST,FLOAREA SOARELUI (lei/tona),2611,-1.29
SAPTAMANA 12/2025 (Saptamana 20 - 26 martie 2025),VEST,RAPITA (lei/tona),2649,0.11
SAPTAMANA 12/2025 (Saptamana 20 - 26 martie 2025),VEST,MERE (lei/tona),-,0
SAPTAMANA 12/2025 (Saptamana 20 - 26 martie 2025),EST,ORZ FURAJER (lei/tona),1032,-6.18
SAPTAMANA 12/2025 (Saptamana 20 - 26 martie 2025),EST,FLOAREA SOARELUI (lei/tona),2750,-2.72
SAPTAMANA 12/2025 (Saptamana 20 - 26 martie 2025),EST,RAPITA (lei/tona),-,0
SAPTAMANA 12/2025 (Saptamana 20 - 26 martie 2025),EST,MERE (lei/tona),-,0
SAPTAMANA 12/2025 (Saptamana 20 - 26 martie 2025),SUD,ORZ FURAJER (lei/tona),1050,9.26
SAPTAMANA 12/2025 (Saptamana 20 - 26 martie 2025),SUD,FLOAREA SOARELUI (lei/tona),2329,-3.76
SAPTAMANA 12/2025 (Saptamana 20 - 26 martie 2025),SUD,RAPITA (lei/tona),2360,0.13
SAPTAMANA 12/2025 (Saptamana 20 - 26 martie 2025),SUD,MERE (lei/tona),-,0
SAPTAMANA 12/2025 (Saptamana 20 - 26 martie 2025),FOB CONSTANTA,ORZ FURAJER (lei/tona),-,0
SAPTAMANA 12/2025 (Saptamana 20 - 26 martie 2025),FOB CONSTANTA,FLOAREA SOARELUI (lei/tona),-,0
SAPTAMANA 12/2025 (Saptamana 20 - 26 martie 2025),FOB CONSTANTA,RAPITA (lei/tona),-,0
SAPTAMANA 12/2025 (Saptamana 20 - 26 martie 2025),FOB CONSTANTA,MERE (lei/tona),-,0
SAPTAMANA 11/2025 (Saptamana 13 - 19 martie 2025),VEST,GRAU PT PANIFICATIE (lei/tona),1074,0.37
SAPTAMANA 11/2025 (Saptamana 13 - 19 martie 2025),VEST,GRAU FURAJER (lei/tona),1055,1.25
SAPTAMANA 11/2025 (Saptamana 13 - 19 martie 2025),VEST,PORUMB (lei/tona),988,-0.3
SAPTAMANA 11/2025 (Saptamana 13 - 19 martie 2025),VEST,ORZ (lei/tona),-,0
SAPTAMANA 11/2025 (Saptamana 13 - 19 martie 2025),EST,GRAU PT PANIFICATIE (lei/tona),1133,4.71
SAPTAMANA 11/2025 (Saptamana 13 - 19 martie 2025),EST,GRAU FURAJER (lei/tona),1072,-2.46
SAPTAMANA 11/2025 (Saptamana 13 - 19 martie 2025),EST,PORUMB (lei/tona),966,-3.59
SAPTAMANA 11/2025 (Saptamana 13 - 19 martie 2025),EST,ORZ (lei/tona),-,0
SAPTAMANA 11/2025 (Saptamana 13 - 19 martie 2025),SUD,GRAU PT PANIFICATIE (lei/tona),1034,-2.82
SAPTAMANA 11/2025 (Saptamana 13 - 19 martie 2025),SUD,GRAU FURAJER (lei/tona),1014,1.2
SAPTAMANA 11/2025 (Saptamana 13 - 19 martie 2025),SUD,PORUMB (lei/tona),979,-4.58
SAPTAMANA 11/2025 (Saptamana 13 - 19 martie 2025),SUD,ORZ (lei/tona),-,0
SAPTAMANA 11/2025 (Saptamana 13 - 19 martie 2025),FOB CONSTANTA,GRAU PT PANIFICATIE (lei/tona),1064,-4.83
SAPTAMANA 11/2025 (Saptamana 13 - 19 martie 2025),FOB CONSTANTA,GRAU FURAJER (lei/tona),-,0
SAPTAMANA 11/2025 (Saptamana 13 - 19 martie 2025),FOB CONSTANTA,PORUMB (lei/tona),996,-1.87
SAPTAMANA 11/2025 (Saptamana 13 - 19 martie 2025),FOB CONSTANTA,ORZ (lei/tona),-,0
SAPTAMANA 11/2025 (Saptamana 13 - 19 martie 2025),VEST,ORZ FURAJER (lei/tona),1010,3.91
SAPTAMANA 11/2025 (Saptamana 13 - 19 martie 2025),VEST,FLOAREA SOARELUI (lei/tona),2645,-0.41
SAPTAMANA 11/2025 (Saptamana 13 - 19 martie 2025),VEST,RAPITA (lei/tona),2646,-0.41
SAPTAMANA 11/2025 (Saptamana 13 - 19 martie 2025),VEST,MERE (lei/tona),-,0
SAPTAMANA 11/2025 (Saptamana 13 - 19 martie 2025),EST,ORZ FURAJER (lei/tona),1100,17.02
SAPTAMANA 11/2025 (Saptamana 13 - 19 martie 2025),EST,FLOAREA SOARELUI (lei/tona),2827,3.55
SAPTAMANA 11/2025 (Saptamana 13 - 19 martie 2025),EST,RAPITA (lei/tona),-,0
SAPTAMANA 11/2025 (Saptamana 13 - 19 martie 2025),EST,MERE (lei/tona),-,0
SAPTAMANA 11/2025 (Saptamana 13 - 19 martie 2025),SUD,ORZ FURAJER (lei/tona),-,0
SAPTAMANA 11/2025 (Saptamana 13 - 19 martie 2025),SUD,FLOAREA SOARELUI (lei/tona),2420,4.72
SAPTAMANA 11/2025 (Saptamana 13 - 19 martie 2025),SUD,RAPITA (lei/tona),2357,1.07
SAPTAMANA 11/2025 (Saptamana 13 - 19 martie 2025),SUD,MERE (lei/tona),-,0
SAPTAMANA 11/2025 (Saptamana 13 - 19 martie 2025),FOB CONSTANTA,ORZ FURAJER (lei/tona),-,0
SAPTAMANA 11/2025 (Saptamana 13 - 19 martie 2025),FOB CONSTANTA,FLOAREA SOARELUI (lei/tona),-,0
SAPTAMANA 11/2025 (Saptamana 13 - 19 martie 2025),FOB CONSTANTA,RAPITA (lei/tona),-,0
SAPTAMANA 11/2025 (Saptamana 13 - 19 martie 2025),FOB CONSTANTA,MERE (lei/tona),-,0
SAPTAMANA 10/2025 (Saptamana 06 - 12 martie 2025),VEST,GRAU PT PANIFICATIE (lei/tona),1070,1.71
SAPTAMANA 10/2025 (Saptamana 06 - 12 martie 2025),VEST,GRAU FURAJER (lei/tona),1042,1.56
SAPTAMANA 10/2025 (Saptamana 06 - 12 martie 2025),VEST,PORUMB (lei/tona),991,1.02
SAPTAMANA 10/2025 (Saptamana 06 - 12 martie 2025),VEST,ORZ (lei/tona),-,0
SAPTAMANA 10/2025 (Saptamana 06 - 12 martie 2025),EST,GRAU PT PANIFICATIE (lei/tona),1082,1.31
SAPTAMANA 10/2025 (Saptamana 06 - 12 martie 2025),EST,GRAU FURAJER (lei/tona),1099,0.55
SAPTAMANA 10/2025 (Saptamana 06 - 12 martie 2025),EST,PORUMB (lei/tona),1002,2.77
SAPTAMANA 10/2025 (Saptamana 06 - 12 martie 2025),EST,ORZ (lei/tona),-,0
SAPTAMANA 10/2025 (Saptamana 06 - 12 martie 2025),SUD,GRAU PT PANIFICATIE (lei/tona),1064,-2.3
SAPTAMANA 10/2025 (Saptamana 06 - 12 martie 2025),SUD,GRAU FURAJER (lei/tona),1002,-4.11
SAPTAMANA 10/2025 (Saptamana 06 - 12 martie 2025),SUD,PORUMB (lei/tona),1026,2.81
SAPTAMANA 10/2025 (Saptamana 06 - 12 martie 2025),SUD,ORZ (lei/tona),-,0
SAPTAMANA 10/2025 (Saptamana 06 - 12 martie 2025),FOB CONSTANTA,GRAU PT PANIFICATIE (lei/tona),1118,-5.33
SAPTAMANA 10/2025 (Saptamana 06 - 12 martie 2025),FOB CONSTANTA,GRAU FURAJER (lei/tona),-,0
SAPTAMANA 10/2025 (Saptamana 06 - 12 martie 2025),FOB CONSTANTA,PORUMB (lei/tona),1015,-1.17
SAPTAMANA 10/2025 (Saptamana 06 - 12 martie 2025),FOB CONSTANTA,ORZ (lei/tona),-,0
SAPTAMANA 10/2025 (Saptamana 06 - 12 martie 2025),VEST,ORZ FURAJER (lei/tona),972,19.26
SAPTAMANA 10/2025 (Saptamana 06 - 12 martie 2025),VEST,FLOAREA SOARELUI (lei/tona),2656,-0.11
SAPTAMANA 10/2025 (Saptamana 06 - 12 martie 2025),VEST,RAPITA (lei/tona),2657,20.94
SAPTAMANA 10/2025 (Saptamana 06 - 12 martie 2025),VEST,MERE (lei/tona),-,0
SAPTAMANA 10/2025 (Saptamana 06 - 12 martie 2025),EST,ORZ FURAJER (lei/tona),940,2.51
SAPTAMANA 10/2025 (Saptamana 06 - 12 martie 2025),EST,FLOAREA SOARELUI (lei/tona),2730,2.94
SAPTAMANA 10/2025 (Saptamana 06 - 12 martie 2025),EST,RAPITA (lei/tona),-,0
SAPTAMANA 10/2025 (Saptamana 06 - 12 martie 2025),EST,MERE (lei/tona),-,0
SAPTAMANA 10/2025 (Saptamana 06 - 12 martie 2025),SUD,ORZ FURAJER (lei/tona),961,-3.9
SAPTAMANA 10/2025 (Saptamana 06 - 12 martie 2025),SUD,FLOAREA SOARELUI (lei/tona),2311,1.32
SAPTAMANA 10/2025 (Saptamana 06 - 12 martie 2025),SUD,RAPITA (lei/tona),2332,-1.14
SAPTAMANA 10/2025 (Saptamana 06 - 12 martie 2025),SUD,MERE (lei/tona),-,0
SAPTAMANA 10/2025 (Saptamana 06 - 12 martie 2025),FOB CONSTANTA,ORZ FURAJER (lei/tona),-,0
SAPTAMANA 10/2025 (Saptamana 06 - 12 martie 2025),FOB CONSTANTA,FLOAREA SOARELUI (lei/tona),-,0
SAPTAMANA 10/2025 (Saptamana 06 - 12 martie 2025),FOB CONSTANTA,RAPITA (lei/tona),-,0
SAPTAMANA 10/2025 (Saptamana 06 - 12 martie 2025),FOB CONSTANTA,MERE (lei/tona),-,0
SAPTAMANA 09/2025 (Saptamana 27 februarie - 05 martie 2025),VEST,GRAU PT PANIFICATIE (lei/tona),1052,-2.59
SAPTAMANA 09/2025 (Saptamana 27 februarie - 05 martie 2025),VEST,GRAU FURAJER (lei/tona),1026,-2.56
SAPTAMANA 09/2025 (Saptamana 27 februarie - 05 martie 2025),VEST,PORUMB (lei/tona),981,7.21
SAPTAMANA 09/2025 (Saptamana 27 februarie - 05 martie 2025),VEST,ORZ (lei/tona),-,0
SAPTAMANA 09/2025 (Saptamana 27 februarie - 05 martie 2025),EST,GRAU PT PANIFICATIE (lei/tona),1068,-4.98
SAPTAMANA 09/2025 (Saptamana 27 februarie - 05 martie 2025),EST,GRAU FURAJER (lei/tona),-,0
SAPTAMANA 09/2025 (Saptamana 27 februarie - 05 martie 2025),EST,PORUMB (lei/tona),975,-1.42
SAPTAMANA 09/2025 (Saptamana 27 februarie - 05 martie 2025),EST,ORZ (lei/tona),-,0
SAPTAMANA 09/2025 (Saptamana 27 februarie - 05 martie 2025),SUD,GRAU PT PANIFICATIE (lei/tona),1089,1.59
SAPTAMANA 09/2025 (Saptamana 27 februarie - 05 martie 2025),SUD,GRAU FURAJER (lei/tona),1045,-0.76
SAPTAMANA 09/2025 (Saptamana 27 februarie - 05 martie 2025),SUD,PORUMB (lei/tona),998,0.71
SAPTAMANA 09/2025 (Saptamana 27 februarie - 05 martie 2025),SUD,ORZ (lei/tona),-,0
SAPTAMANA 09/2025 (Saptamana 27 februarie - 05 martie 2025),FOB CONSTANTA,GRAU PT PANIFICATIE (lei/tona),1181,1.9
SAPTAMANA 09/2025 (Saptamana 27 februarie - 05 martie 2025),FOB CONSTANTA,GRAU FURAJER (lei/tona),-,0
SAPTAMANA 09/2025 (Saptamana 27 februarie - 05 martie 2025),FOB CONSTANTA,PORUMB (lei/tona),1027,-8.95
SAPTAMANA 09/2025 (Saptamana 27 februarie - 05 martie 2025),FOB CONSTANTA,ORZ (lei/tona),-,0
SAPTAMANA 09/2025 (Saptamana 27 februarie - 05 martie 2025),VEST,ORZ FURAJER (lei/tona),815,-10.83
SAPTAMANA 09/2025 (Saptamana 27 februarie - 05 martie 2025),VEST,FLOAREA SOARELUI (lei/tona),2659,-1.52
SAPTAMANA 09/2025 (Saptamana 27 februarie - 05 martie 2025),VEST,RAPITA (lei/tona),2197,-10.58
SAPTAMANA 09/2025 (Saptamana 27 februarie - 05 martie 2025),VEST,MERE (lei/tona),-,0
SAPTAMANA 09/2025 (Saptamana 27 februarie - 05 martie 2025),EST,ORZ FURAJER (lei/tona),917,-6.14
SAPTAMANA 09/2025 (Saptamana 27 februarie - 05 martie 2025),EST,FLOAREA SOARELUI (lei/tona),2652,-1.78
SAPTAMANA 09/2025 (Saptamana 27 februarie - 05 martie 2025),EST,RAPITA (lei/tona),-,0
SAPTAMANA 09/2025 (Saptamana 27 februarie - 05 martie 2025),EST,MERE (lei/tona),-,0
SAPTAMANA 09/2025 (Saptamana 27 februarie - 05 martie 2025),SUD,ORZ FURAJER (lei/tona),-,0
SAPTAMANA 09/2025 (Saptamana 27 februarie - 05 martie 2025),SUD,FLOAREA SOARELUI (lei/tona),2281,-6.05
SAPTAMANA 09/2025 (Saptamana 27 februarie - 05 martie 2025),SUD,RAPITA (lei/tona),2359,14.51
SAPTAMANA 09/2025 (Saptamana 27 februarie - 05 martie 2025),SUD,MERE (lei/tona),-,0
SAPTAMANA 09/2025 (Saptamana 27 februarie - 05 martie 2025),FOB CONSTANTA,ORZ FURAJER (lei/tona),-,0
SAPTAMANA 09/2025 (Saptamana 27 februarie - 05 martie 2025),FOB CONSTANTA,FLOAREA SOARELUI (lei/tona),-,0
SAPTAMANA 09/2025 (Saptamana 27 februarie - 05 martie 2025),FOB CONSTANTA,RAPITA (lei/tona),-,0
SAPTAMANA 09/2025 (Saptamana 27 februarie - 05 martie 2025),FOB CONSTANTA,MERE (lei/tona),-,0
SAPTAMANA 08/2025 (Saptamana 20 - 26 februarie 2025),VEST,GRAU PT PANIFICATIE (lei/tona),1080,1.41
SAPTAMANA 08/2025 (Saptamana 20 - 26 februarie 2025),VEST,GRAU FURAJER (lei/tona),1053,1.45
SAPTAMANA 08/2025 (Saptamana 20 - 26 februarie 2025),VEST,PORUMB (lei/tona),915,-4.19
SAPTAMANA 08/2025 (Saptamana 20 - 26 februarie 2025),VEST,ORZ (lei/tona),-,0
SAPTAMANA 08/2025 (Saptamana 20 - 26 februarie 2025),EST,GRAU PT PANIFICATIE (lei/tona),1124,0.18
SAPTAMANA 08/2025 (Saptamana 20 - 26 februarie 2025),EST,GRAU FURAJER (lei/tona),1093,5.6
SAPTAMANA 08/2025 (Saptamana 20 - 26 februarie 2025),EST,PORUMB (lei/tona),989,2.81
SAPTAMANA 08/2025 (Saptamana 20 - 26 februarie 2025),EST,ORZ (lei/tona),-,0
SAPTAMANA 08/2025 (Saptamana 20 - 26 februarie 2025),SUD,GRAU PT PANIFICATIE (lei/tona),1072,1.61
SAPTAMANA 08/2025 (Saptamana 20 - 26 februarie 2025),SUD,GRAU FURAJER (lei/tona),1053,14.71
SAPTAMANA 08/2025 (Saptamana 20 - 26 februarie 2025),SUD,PORUMB (lei/tona),991,2.16
SAPTAMANA 08/2025 (Saptamana 20 - 26 februarie 2025),SUD,ORZ (lei/tona),-,0
SAPTAMANA 08/2025 (Saptamana 20 - 26 februarie 2025),FOB CONSTANTA,GRAU PT PANIFICATIE (lei/tona),1159,-0.6
SAPTAMANA 08/2025 (Saptamana 20 - 26 februarie 2025),FOB CONSTANTA,GRAU FURAJER (lei/tona),-,0
SAPTAMANA 08/2025 (Saptamana 20 - 26 februarie 2025),FOB CONSTANTA,PORUMB (lei/tona),1128,0.09
SAPTAMANA 08/2025 (Saptamana 20 - 26 februarie 2025),FOB CONSTANTA,ORZ (lei/tona),-,0
SAPTAMANA 08/2025 (Saptamana 20 - 26 februarie 2025),VEST,ORZ FURAJER (lei/tona),914,-6.92
SAPTAMANA 08/2025 (Saptamana 20 - 26 februarie 2025),VEST,FLOAREA SOARELUI (lei/tona),2700,-0.55
SAPTAMANA 08/2025 (Saptamana 20 - 26 februarie 2025),VEST,RAPITA (lei/tona),-,0
SAPTAMANA 08/2025 (Saptamana 20 - 26 februarie 2025),VEST,MERE (lei/tona),-,0
SAPTAMANA 08/2025 (Saptamana 20 - 26 februarie 2025),EST,ORZ FURAJER (lei/tona),977,15.9
SAPTAMANA 08/2025 (Saptamana 20 - 26 februarie 2025),EST,FLOAREA SOARELUI (lei/tona),2700,-1.35
SAPTAMANA 08/2025 (Saptamana 20 - 26 februarie 2025),EST,RAPITA (lei/tona),-,0
SAPTAMANA 08/2025 (Saptamana 20 - 26 februarie 2025),EST,MERE (lei/tona),-,0
SAPTAMANA 08/2025 (Saptamana 20 - 26 februarie 2025),SUD,ORZ FURAJER (lei/tona),-,0
SAPTAMANA 08/2025 (Saptamana 20 - 26 februarie 2025),SUD,FLOAREA SOARELUI (lei/tona),2428,-11.71
SAPTAMANA 08/2025 (Saptamana 20 - 26 februarie 2025),SUD,RAPITA (lei/tona),2363,-3.86
SAPTAMANA 08/2025 (Saptamana 20 - 26 februarie 2025),SUD,MERE (lei/tona),-,0
SAPTAMANA 08/2025 (Saptamana 20 - 26 februarie 2025),FOB CONSTANTA,ORZ FURAJER (lei/tona),-,0
SAPTAMANA 08/2025 (Saptamana 20 - 26 februarie 2025),FOB CONSTANTA,FLOAREA SOARELUI (lei/tona),-,0
SAPTAMANA 08/2025 (Saptamana 20 - 26 februarie 2025),FOB CONSTANTA,RAPITA (lei/tona),-,0
SAPTAMANA 08/2025 (Saptamana 20 - 26 februarie 2025),FOB CONSTANTA,MERE (lei/tona),-,0
SAPTAMANA 07/2025 (Saptamana 13 - 19 februarie 2025),VEST,GRAU PT PANIFICATIE (lei/tona),1065,-1.75
SAPTAMANA 07/2025 (Saptamana 13 - 19 februarie 2025),VEST,GRAU FURAJER (lei/tona),1038,0.97
SAPTAMANA 07/2025 (Saptamana 13 - 19 februarie 2025),VEST,PORUMB (lei/tona),955,7.06
SAPTAMANA 07/2025 (Saptamana 13 - 19 februarie 2025),VEST,ORZ (lei/tona),-,0
SAPTAMANA 07/2025 (Saptamana 13 - 19 februarie 2025),EST,GRAU PT PANIFICATIE (lei/tona),1122,2.94
SAPTAMANA 07/2025 (Saptamana 13 - 19 februarie 2025),EST,GRAU FURAJER (lei/tona),1035,3.29
SAPTAMANA 07/2025 (Saptamana 13 - 19 februarie 2025),EST,PORUMB (lei/tona),962,-3.7
SAPTAMANA 07/2025 (Saptamana 13 - 19 februarie 2025),EST,ORZ (lei/tona),-,0
SAPTAMANA 07/2025 (Saptamana 13 - 19 februarie 2025),SUD,GRAU PT PANIFICATIE (lei/tona),1055,0.29
SAPTAMANA 07/2025 (Saptamana 13 - 19 februarie 2025),SUD,GRAU FURAJER (lei/tona),918,-6.71
SAPTAMANA 07/2025 (Saptamana 13 - 19 februarie 2025),SUD,PORUMB (lei/tona),970,-0.72
SAPTAMANA 07/2025 (Saptamana 13 - 19 februarie 2025),SUD,ORZ (lei/tona),-,0
SAPTAMANA 07/2025 (Saptamana 13 - 19 februarie 2025),FOB CONSTANTA,GRAU PT PANIFICATIE (lei/tona),1166,-0.09
SAPTAMANA 07/2025 (Saptamana 13 - 19 februarie 2025),FOB CONSTANTA,GRAU FURAJER (lei/tona),-,0
SAPTAMANA 07/2025 (Saptamana 13 - 19 februarie 2025),FOB CONSTANTA,PORUMB (lei/tona),1127,5.33
SAPTAMANA 07/2025 (Saptamana 13 - 19 februarie 2025),FOB CONSTANTA,ORZ (lei/tona),1070,-1.29
SAPTAMANA 07/2025 (Saptamana 13 - 19 februarie 2025),VEST,ORZ FURAJER (lei/tona),982,-1.5
SAPTAMANA 07/2025 (Saptamana 13 - 19 februarie 2025),VEST,FLOAREA SOARELUI (lei/tona),2715,0.04
SAPTAMANA 07/2025 (Saptamana 13 - 19 februarie 2025),VEST,RAPITA (lei/tona),-,0
SAPTAMANA 07/2025 (Saptamana 13 - 19 februarie 2025),VEST,MERE (lei/tona),-,0
SAPTAMANA 07/2025 (Saptamana 13 - 19 februarie 2025),EST,ORZ FURAJER (lei/tona),843,-11.64
SAPTAMANA 07/2025 (Saptamana 13 - 19 februarie 2025),EST,FLOAREA SOARELUI (lei/tona),2737,-1.69
SAPTAMANA 07/2025 (Saptamana 13 - 19 februarie 2025),EST,RAPITA (lei/tona),-,0
SAPTAMANA 07/2025 (Saptamana 13 - 19 februarie 2025),EST,MERE (lei/tona),-,0
SAPTAMANA 07/2025 (Saptamana 13 - 19 februarie 2025),SUD,ORZ FURAJER (lei/tona),1000,11.98
SAPTAMANA 07/2025 (Saptamana 13 - 19 februarie 2025),SUD,FLOAREA SOARELUI (lei/tona),2750,5.77
SAPTAMANA 07/2025 (Saptamana 13 - 19 februarie 2025),SUD,RAPITA (lei/tona),2458,2.97
SAPTAMANA 07/2025 (Saptamana 13 - 19 februarie 2025),SUD,MERE (lei/tona),-,0
SAPTAMANA 07/2025 (Saptamana 13 - 19 februarie 2025),FOB CONSTANTA,ORZ FURAJER (lei/tona),-,0
SAPTAMANA 07/2025 (Saptamana 13 - 19 februarie 2025),FOB CONSTANTA,FLOAREA SOARELUI (lei/tona),-,0
SAPTAMANA 07/2025 (Saptamana 13 - 19 februarie 2025),FOB CONSTANTA,RAPITA (lei/tona),-,0
SAPTAMANA 07/2025 (Saptamana 13 - 19 februarie 2025),FOB CONSTANTA,MERE (lei/tona),-,0
SAPTAMANA 06/2025 (Saptamana 06 - 12 februarie 2025),VEST,GRAU PT PANIFICATIE (lei/tona),1084,2.85
SAPTAMANA 06/2025 (Saptamana 06 - 12 februarie 2025),VEST,GRAU FURAJER (lei/tona),1028,1.98
SAPTAMANA 06/2025 (Saptamana 06 - 12 februarie 2025),VEST,PORUMB (lei/tona),892,-0.45
SAPTAMANA 06/2025 (Saptamana 06 - 12 februarie 2025),VEST,ORZ (lei/tona),-,0
SAPTAMANA 06/2025 (Saptamana 06 - 12 februarie 2025),EST,GRAU PT PANIFICATIE (lei/tona),1090,-0.64
SAPTAMANA 06/2025 (Saptamana 06 - 12 februarie 2025),EST,GRAU FURAJER (lei/tona),1002,-3.65
SAPTAMANA 06/2025 (Saptamana 06 - 12 februarie 2025),EST,PORUMB (lei/tona),999,6.5
SAPTAMANA 06/2025 (Saptamana 06 - 12 februarie 2025),EST,ORZ (lei/tona),-,0
SAPTAMANA 06/2025 (Saptamana 06 - 12 februarie 2025),SUD,GRAU PT PANIFICATIE (lei/tona),1052,0.86
SAPTAMANA 06/2025 (Saptamana 06 - 12 februarie 2025),SUD,GRAU FURAJER (lei/tona),984,3.14
SAPTAMANA 06/2025 (Saptamana 06 - 12 februarie 2025),SUD,PORUMB (lei/tona),977,-0.31
SAPTAMANA 06/2025 (Saptamana 06 - 12 februarie 2025),SUD,ORZ (lei/tona),-,0
SAPTAMANA 06/2025 (Saptamana 06 - 12 februarie 2025),FOB CONSTANTA,GRAU PT PANIFICATIE (lei/tona),-,0
SAPTAMANA 06/2025 (Saptamana 06 - 12 februarie 2025),FOB CONSTANTA,GRAU FURAJER (lei/tona),-,0
SAPTAMANA 06/2025 (Saptamana 06 - 12 februarie 2025),FOB CONSTANTA,PORUMB (lei/tona),1070,2.2
SAPTAMANA 06/2025 (Saptamana 06 - 12 februarie 2025),FOB CONSTANTA,ORZ (lei/tona),-,0
SAPTAMANA 06/2025 (Saptamana 06 - 12 februarie 2025),VEST,ORZ FURAJER (lei/tona),997,1.53
SAPTAMANA 06/2025 (Saptamana 06 - 12 februarie 2025),VEST,FLOAREA SOARELUI (lei/tona),2714,2.57
SAPTAMANA 06/2025 (Saptamana 06 - 12 februarie 2025),VEST,RAPITA (lei/tona),2457,-4.88
SAPTAMANA 06/2025 (Saptamana 06 - 12 februarie 2025),VEST,MERE (lei/tona),-,0
SAPTAMANA 06/2025 (Saptamana 06 - 12 februarie 2025),EST,ORZ FURAJER (lei/tona),954,-8
SAPTAMANA 06/2025 (Saptamana 06 - 12 februarie 2025),EST,FLOAREA SOARELUI (lei/tona),2784,1.24
SAPTAMANA 06/2025 (Saptamana 06 - 12 februarie 2025),EST,RAPITA (lei/tona),-,0
SAPTAMANA 06/2025 (Saptamana 06 - 12 februarie 2025),EST,MERE (lei/tona),-,0
SAPTAMANA 06/2025 (Saptamana 06 - 12 februarie 2025),SUD,ORZ FURAJER (lei/tona),893,-10.97
SAPTAMANA 06/2025 (Saptamana 06 - 12 februarie 2025),SUD,FLOAREA SOARELUI (lei/tona),2600,-8.77
SAPTAMANA 06/2025 (Saptamana 06 - 12 februarie 2025),SUD,RAPITA (lei/tona),2387,12.38
SAPTAMANA 06/2025 (Saptamana 06 - 12 februarie 2025),SUD,MERE (lei/tona),-,0
SAPTAMANA 06/2025 (Saptamana 06 - 12 februarie 2025),FOB CONSTANTA,ORZ FURAJER (lei/tona),-,0
SAPTAMANA 06/2025 (Saptamana 06 - 12 februarie 2025),FOB CONSTANTA,FLOAREA SOARELUI (lei/tona),-,0
SAPTAMANA 06/2025 (Saptamana 06 - 12 februarie 2025),FOB CONSTANTA,RAPITA (lei/tona),-,0
SAPTAMANA 06/2025 (Saptamana 06 - 12 februarie 2025),FOB CONSTANTA,MERE (lei/tona),-,0
SAPTAMANA 05/2025 (Saptamana 30 ianuarie - 05 februarie 2025),VEST,GRAU PT PANIFICATIE (lei/tona),1054,5.72
SAPTAMANA 05/2025 (Saptamana 30 ianuarie - 05 februarie 2025),VEST,GRAU FURAJER (lei/tona),1008,-0.59
SAPTAMANA 05/2025 (Saptamana 30 ianuarie - 05 februarie 2025),VEST,PORUMB (lei/tona),896,4.8
SAPTAMANA 05/2025 (Saptamana 30 ianuarie - 05 februarie 2025),VEST,ORZ (lei/tona),-,0
SAPTAMANA 05/2025 (Saptamana 30 ianuarie - 05 februarie 2025),EST,GRAU PT PANIFICATIE (lei/tona),1097,-0.45
SAPTAMANA 05/2025 (Saptamana 30 ianuarie - 05 februarie 2025),EST,GRAU FURAJER (lei/tona),1040,4.94
SAPTAMANA 05/2025 (Saptamana 30 ianuarie - 05 februarie 2025),EST,PORUMB (lei/tona),938,-2.39
SAPTAMANA 05/2025 (Saptamana 30 ianuarie - 05 februarie 2025),EST,ORZ (lei/tona),-,0
SAPTAMANA 05/2025 (Saptamana 30 ianuarie - 05 februarie 2025),SUD,GRAU PT PANIFICATIE (lei/tona),1043,8.08
SAPTAMANA 05/2025 (Saptamana 30 ianuarie - 05 februarie 2025),SUD,GRAU FURAJER (lei/tona),954,-4.02
SAPTAMANA 05/2025 (Saptamana 30 ianuarie - 05 februarie 2025),SUD,PORUMB (lei/tona),980,1.45
SAPTAMANA 05/2025 (Saptamana 30 ianuarie - 05 februarie 2025),SUD,ORZ (lei/tona),-,0
SAPTAMANA 05/2025 (Saptamana 30 ianuarie - 05 februarie 2025),FOB CONSTANTA,GRAU PT PANIFICATIE (lei/tona),1167,3.73
SAPTAMANA 05/2025 (Saptamana 30 ianuarie - 05 februarie 2025),FOB CONSTANTA,GRAU FURAJER (lei/tona),-,0
SAPTAMANA 05/2025 (Saptamana 30 ianuarie - 05 februarie 2025),FOB CONSTANTA,PORUMB (lei/tona),1047,-3.68
SAPTAMANA 05/2025 (Saptamana 30 ianuarie - 05 februarie 2025),FOB CONSTANTA,ORZ (lei/tona),1084,0.28
SAPTAMANA 05/2025 (Saptamana 30 ianuarie - 05 februarie 2025),VEST,ORZ FURAJER (lei/tona),982,3.37
SAPTAMANA 05/2025 (Saptamana 30 ianuarie - 05 februarie 2025),VEST,FLOAREA SOARELUI (lei/tona),2646,-6.3
SAPTAMANA 05/2025 (Saptamana 30 ianuarie - 05 februarie 2025),VEST,RAPITA (lei/tona),2583,3.32
SAPTAMANA 05/2025 (Saptamana 30 ianuarie - 05 februarie 2025),VEST,MERE (lei/tona),-,0
SAPTAMANA 05/2025 (Saptamana 30 ianuarie - 05 februarie 2025),EST,ORZ FURAJER (lei/tona),1037,5.6
SAPTAMANA 05/2025 (Saptamana 30 ianuarie - 05 februarie 2025),EST,FLOAREA SOARELUI (lei/tona),2750,0.4
SAPTAMANA 05/2025 (Saptamana 30 ianuarie - 05 februarie 2025),EST,RAPITA (lei/tona),2060,-22.53
SAPTAMANA 05/2025 (Saptamana 30 ianuarie - 05 februarie 2025),EST,MERE (lei/tona),-,0
SAPTAMANA 05/2025 (Saptamana 30 ianuarie - 05 februarie 2025),SUD,ORZ FURAJER (lei/tona),1003,14.63
SAPTAMANA 05/2025 (Saptamana 30 ianuarie - 05 februarie 2025),SUD,FLOAREA SOARELUI (lei/tona),2850,6.03
SAPTAMANA 05/2025 (Saptamana 30 ianuarie - 05 februarie 2025),SUD,RAPITA (lei/tona),2124,-13.13
SAPTAMANA 05/2025 (Saptamana 30 ianuarie - 05 februarie 2025),SUD,MERE (lei/tona),-,0
SAPTAMANA 05/2025 (Saptamana 30 ianuarie - 05 februarie 2025),FOB CONSTANTA,ORZ FURAJER (lei/tona),-,0
SAPTAMANA 05/2025 (Saptamana 30 ianuarie - 05 februarie 2025),FOB CONSTANTA,FLOAREA SOARELUI (lei/tona),-,0
SAPTAMANA 05/2025 (Saptamana 30 ianuarie - 05 februarie 2025),FOB CONSTANTA,RAPITA (lei/tona),-,0
SAPTAMANA 05/2025 (Saptamana 30 ianuarie - 05 februarie 2025),FOB CONSTANTA,MERE (lei/tona),-,0
SAPTAMANA 04/2025 (Saptamana 23 - 29 ianuarie 2025),VEST,GRAU PT PANIFICATIE (lei/tona),997,1.73
SAPTAMANA 04/2025 (Saptamana 23 - 29 ianuarie 2025),VEST,GRAU FURAJER (lei/tona),1014,2.01
SAPTAMANA 04/2025 (Saptamana 23 - 29 ianuarie 2025),VEST,PORUMB (lei/tona),855,-6.15
SAPTAMANA 04/2025 (Saptamana 23 - 29 ianuarie 2025),VEST,ORZ (lei/tona),-,0
SAPTAMANA 04/2025 (Saptamana 23 - 29 ianuarie 2025),EST,GRAU PT PANIFICATIE (lei/tona),1102,2.7
SAPTAMANA 04/2025 (Saptamana 23 - 29 ianuarie 2025),EST,GRAU FURAJER (lei/tona),991,0.1
SAPTAMANA 04/2025 (Saptamana 23 - 29 ianuarie 2025),EST,PORUMB (lei/tona),961,1.91
SAPTAMANA 04/2025 (Saptamana 23 - 29 ianuarie 2025),EST,ORZ (lei/tona),-,0
SAPTAMANA 04/2025 (Saptamana 23 - 29 ianuarie 2025),SUD,GRAU PT PANIFICATIE (lei/tona),965,4.32
SAPTAMANA 04/2025 (Saptamana 23 - 29 ianuarie 2025),SUD,GRAU FURAJER (lei/tona),994,10.08
SAPTAMANA 04/2025 (Saptamana 23 - 29 ianuarie 2025),SUD,PORUMB (lei/tona),966,2.01
SAPTAMANA 04/2025 (Saptamana 23 - 29 ianuarie 2025),SUD,ORZ (lei/tona),-,0
SAPTAMANA 04/2025 (Saptamana 23 - 29 ianuarie 2025),FOB CONSTANTA,GRAU PT PANIFICATIE (lei/tona),-,0
SAPTAMANA 04/2025 (Saptamana 23 - 29 ianuarie 2025),FOB CONSTANTA,GRAU FURAJER (lei/tona),-,0
SAPTAMANA 04/2025 (Saptamana 23 - 29 ianuarie 2025),FOB CONSTANTA,PORUMB (lei/tona),-,0
SAPTAMANA 04/2025 (Saptamana 23 - 29 ianuarie 2025),FOB CONSTANTA,ORZ (lei/tona),1081,13.67
SAPTAMANA 04/2025 (Saptamana 23 - 29 ianuarie 2025),VEST,ORZ FURAJER (lei/tona),950,8.7
SAPTAMANA 04/2025 (Saptamana 23 - 29 ianuarie 2025),VEST,FLOAREA SOARELUI (lei/tona),2824,3.9
SAPTAMANA 04/2025 (Saptamana 23 - 29 ianuarie 2025),VEST,RAPITA (lei/tona),-,0
SAPTAMANA 04/2025 (Saptamana 23 - 29 ianuarie 2025),VEST,MERE (lei/tona),-,0
SAPTAMANA 04/2025 (Saptamana 23 - 29 ianuarie 2025),EST,ORZ FURAJER (lei/tona),982,4.91
SAPTAMANA 04/2025 (Saptamana 23 - 29 ianuarie 2025),EST,FLOAREA SOARELUI (lei/tona),2739,3.05
SAPTAMANA 04/2025 (Saptamana 23 - 29 ianuarie 2025),EST,RAPITA (lei/tona),-,0
SAPTAMANA 04/2025 (Saptamana 23 - 29 ianuarie 2025),EST,MERE (lei/tona),-,0
SAPTAMANA 04/2025 (Saptamana 23 - 29 ianuarie 2025),SUD,ORZ FURAJER (lei/tona),875,2.94
SAPTAMANA 04/2025 (Saptamana 23 - 29 ianuarie 2025),SUD,FLOAREA SOARELUI (lei/tona),2688,-0.52
SAPTAMANA 04/2025 (Saptamana 23 - 29 ianuarie 2025),SUD,RAPITA (lei/tona),2445,6.82
SAPTAMANA 04/2025 (Saptamana 23 - 29 ianuarie 2025),SUD,MERE (lei/tona),-,0
SAPTAMANA 04/2025 (Saptamana 23 - 29 ianuarie 2025),FOB CONSTANTA,ORZ FURAJER (lei/tona),-,0
SAPTAMANA 04/2025 (Saptamana 23 - 29 ianuarie 2025),FOB CONSTANTA,FLOAREA SOARELUI (lei/tona),-,0
SAPTAMANA 04/2025 (Saptamana 23 - 29 ianuarie 2025),FOB CONSTANTA,RAPITA (lei/tona),-,0
SAPTAMANA 04/2025 (Saptamana 23 - 29 ianuarie 2025),FOB CONSTANTA,MERE (lei/tona),-,0
SAPTAMANA 03/2025 (Saptamana 16 - 22 ianuarie 2025),VEST,GRAU PT PANIFICATIE (lei/tona),980,4.7
SAPTAMANA 03/2025 (Saptamana 16 - 22 ianuarie 2025),VEST,GRAU FURAJER (lei/tona),994,4.74
SAPTAMANA 03/2025 (Saptamana 16 - 22 ianuarie 2025),VEST,PORUMB (lei/tona),911,9.5
SAPTAMANA 03/2025 (Saptamana 16 - 22 ianuarie 2025),VEST,ORZ (lei/tona),-,0
SAPTAMANA 03/2025 (Saptamana 16 - 22 ianuarie 2025),EST,GRAU PT PANIFICATIE (lei/tona),1073,4.28
SAPTAMANA 03/2025 (Saptamana 16 - 22 ianuarie 2025),EST,GRAU FURAJER (lei/tona),990,5.1
SAPTAMANA 03/2025 (Saptamana 16 - 22 ianuarie 2025),EST,PORUMB (lei/tona),943,-0.42
SAPTAMANA 03/2025 (Saptamana 16 - 22 ianuarie 2025),EST,ORZ (lei/tona),-,0
SAPTAMANA 03/2025 (Saptamana 16 - 22 ianuarie 2025),SUD,GRAU PT PANIFICATIE (lei/tona),925,-0.96
SAPTAMANA 03/2025 (Saptamana 16 - 22 ianuarie 2025),SUD,GRAU FURAJER (lei/tona),903,-4.75
SAPTAMANA 03/2025 (Saptamana 16 - 22 ianuarie 2025),SUD,PORUMB (lei/tona),947,0.42
SAPTAMANA 03/2025 (Saptamana 16 - 22 ianuarie 2025),SUD,ORZ (lei/tona),-,0
SAPTAMANA 03/2025 (Saptamana 16 - 22 ianuarie 2025),FOB CONSTANTA,GRAU PT PANIFICATIE (lei/tona),-,0
SAPTAMANA 03/2025 (Saptamana 16 - 22 ianuarie 2025),FOB CONSTANTA,GRAU FURAJER (lei/tona),-,0
SAPTAMANA 03/2025 (Saptamana 16 - 22 ianuarie 2025),FOB CONSTANTA,PORUMB (lei/tona),1087,1.87
SAPTAMANA 03/2025 (Saptamana 16 - 22 ianuarie 2025),FOB CONSTANTA,ORZ (lei/tona),-,0
SAPTAMANA 03/2025 (Saptamana 16 - 22 ianuarie 2025),VEST,ORZ FURAJER (lei/tona),874,-2.89
SAPTAMANA 03/2025 (Saptamana 16 - 22 ianuarie 2025),VEST,FLOAREA SOARELUI (lei/tona),2718,0.97
SAPTAMANA 03/2025 (Saptamana 16 - 22 ianuarie 2025),VEST,RAPITA (lei/tona),2500,-5.2
SAPTAMANA 03/2025 (Saptamana 16 - 22 ianuarie 2025),VEST,MERE (lei/tona),-,0
SAPTAMANA 03/2025 (Saptamana 16 - 22 ianuarie 2025),EST,ORZ FURAJER (lei/tona),936,1.08
SAPTAMANA 03/2025 (Saptamana 16 - 22 ianuarie 2025),EST,FLOAREA SOARELUI (lei/tona),2658,-1.74
SAPTAMANA 03/2025 (Saptamana 16 - 22 ianuarie 2025),EST,RAPITA (lei/tona),-,0
SAPTAMANA 03/2025 (Saptamana 16 - 22 ianuarie 2025),EST,MERE (lei/tona),-,0
SAPTAMANA 03/2025 (Saptamana 16 - 22 ianuarie 2025),SUD,ORZ FURAJER (lei/tona),850,-1.28
SAPTAMANA 03/2025 (Saptamana 16 - 22 ianuarie 2025),SUD,FLOAREA SOARELUI (lei/tona),2702,42.21
SAPTAMANA 03/2025 (Saptamana 16 - 22 ianuarie 2025),SUD,RAPITA (lei/tona),2289,14.16
SAPTAMANA 03/2025 (Saptamana 16 - 22 ianuarie 2025),SUD,MERE (lei/tona),-,0
SAPTAMANA 03/2025 (Saptamana 16 - 22 ianuarie 2025),FOB CONSTANTA,ORZ FURAJER (lei/tona),-,0
SAPTAMANA 03/2025 (Saptamana 16 - 22 ianuarie 2025),FOB CONSTANTA,FLOAREA SOARELUI (lei/tona),-,0
SAPTAMANA 03/2025 (Saptamana 16 - 22 ianuarie 2025),FOB CONSTANTA,RAPITA (lei/tona),-,0
SAPTAMANA 03/2025 (Saptamana 16 - 22 ianuarie 2025),FOB CONSTANTA,MERE (lei/tona),-,0
SAPTAMANA 02/2025 (Saptamana 09 - 15 ianuarie 2025),VEST,GRAU PT PANIFICATIE (lei/tona),936,-4
SAPTAMANA 02/2025 (Saptamana 09 - 15 ianuarie 2025),VEST,GRAU FURAJER (lei/tona),949,0
SAPTAMANA 02/2025 (Saptamana 09 - 15 ianuarie 2025),VEST,PORUMB (lei/tona),832,-8.27
SAPTAMANA 02/2025 (Saptamana 09 - 15 ianuarie 2025),VEST,ORZ (lei/tona),-,0
SAPTAMANA 02/2025 (Saptamana 09 - 15 ianuarie 2025),EST,GRAU PT PANIFICATIE (lei/tona),1029,-2
SAPTAMANA 02/2025 (Saptamana 09 - 15 ianuarie 2025),EST,GRAU FURAJER (lei/tona),942,0
SAPTAMANA 02/2025 (Saptamana 09 - 15 ianuarie 2025),EST,PORUMB (lei/tona),947,1.94
SAPTAMANA 02/2025 (Saptamana 09 - 15 ianuarie 2025),EST,ORZ (lei/tona),-,0
SAPTAMANA 02/2025 (Saptamana 09 - 15 ianuarie 2025),SUD,GRAU PT PANIFICATIE (lei/tona),934,-0.11
SAPTAMANA 02/2025 (Saptamana 09 - 15 ianuarie 2025),SUD,GRAU FURAJER (lei/tona),948,6.52
SAPTAMANA 02/2025 (Saptamana 09 - 15 ianuarie 2025),SUD,PORUMB (lei/tona),943,3.85
SAPTAMANA 02/2025 (Saptamana 09 - 15 ianuarie 2025),SUD,ORZ (lei/tona),-,0
SAPTAMANA 02/2025 (Saptamana 09 - 15 ianuarie 2025),FOB CONSTANTA,GRAU PT PANIFICATIE (lei/tona),1125,-0.88
SAPTAMANA 02/2025 (Saptamana 09 - 15 ianuarie 2025),FOB CONSTANTA,GRAU FURAJER (lei/tona),-,0
SAPTAMANA 02/2025 (Saptamana 09 - 15 ianuarie 2025),FOB CONSTANTA,PORUMB (lei/tona),-,0
SAPTAMANA 02/2025 (Saptamana 09 - 15 ianuarie 2025),FOB CONSTANTA,ORZ (lei/tona),-,0
SAPTAMANA 02/2025 (Saptamana 09 - 15 ianuarie 2025),VEST,ORZ FURAJER (lei/tona),-,0
SAPTAMANA 02/2025 (Saptamana 09 - 15 ianuarie 2025),VEST,FLOAREA SOARELUI (lei/tona),-,0
SAPTAMANA 02/2025 (Saptamana 09 - 15 ianuarie 2025),VEST,RAPITA (lei/tona),-,0
SAPTAMANA 02/2025 (Saptamana 09 - 15 ianuarie 2025),VEST,MERE (lei/tona),-,0
SAPTAMANA 02/2025 (Saptamana 09 - 15 ianuarie 2025),EST,ORZ FURAJER (lei/tona),926,-9.66
SAPTAMANA 02/2025 (Saptamana 09 - 15 ianuarie 2025),EST,FLOAREA SOARELUI (lei/tona),2705,0
SAPTAMANA 02/2025 (Saptamana 09 - 15 ianuarie 2025),EST,RAPITA (lei/tona),2659,0
SAPTAMANA 02/2025 (Saptamana 09 - 15 ianuarie 2025),EST,MERE (lei/tona),-,0
SAPTAMANA 02/2025 (Saptamana 09 - 15 ianuarie 2025),SUD,ORZ FURAJER (lei/tona),861,0
SAPTAMANA 02/2025 (Saptamana 09 - 15 ianuarie 2025),SUD,FLOAREA SOARELUI (lei/tona),1900,0
SAPTAMANA 02/2025 (Saptamana 09 - 15 ianuarie 2025),SUD,RAPITA (lei/tona),2005,0
SAPTAMANA 02/2025 (Saptamana 09 - 15 ianuarie 2025),SUD,MERE (lei/tona),-,0
SAPTAMANA 02/2025 (Saptamana 09 - 15 ianuarie 2025),FOB CONSTANTA,ORZ FURAJER (lei/tona),-,0
SAPTAMANA 02/2025 (Saptamana 09 - 15 ianuarie 2025),FOB CONSTANTA,FLOAREA SOARELUI (lei/tona),-,0
SAPTAMANA 02/2025 (Saptamana 09 - 15 ianuarie 2025),FOB CONSTANTA,RAPITA (lei/tona),-,0
SAPTAMANA 02/2025 (Saptamana 09 - 15 ianuarie 2025),FOB CONSTANTA,MERE (lei/tona),-,0
SAPTAMANA 01/2025 (Saptamana 02 - 08 ianuarie 2025),VEST,GRAU PT PANIFICATIE (lei/tona),975,-0.51
SAPTAMANA 01/2025 (Saptamana 02 - 08 ianuarie 2025),VEST,GRAU FURAJER (lei/tona),-,0
SAPTAMANA 01/2025 (Saptamana 02 - 08 ianuarie 2025),VEST,PORUMB (lei/tona),907,4.49
SAPTAMANA 01/2025 (Saptamana 02 - 08 ianuarie 2025),VEST,ORZ (lei/tona),-,0
SAPTAMANA 01/2025 (Saptamana 02 - 08 ianuarie 2025),EST,GRAU PT PANIFICATIE (lei/tona),1050,-2.78
SAPTAMANA 01/2025 (Saptamana 02 - 08 ianuarie 2025),EST,GRAU FURAJER (lei/tona),-,0
SAPTAMANA 01/2025 (Saptamana 02 - 08 ianuarie 2025),EST,PORUMB (lei/tona),929,5.93
SAPTAMANA 01/2025 (Saptamana 02 - 08 ianuarie 2025),EST,ORZ (lei/tona),-,0
SAPTAMANA 01/2025 (Saptamana 02 - 08 ianuarie 2025),SUD,GRAU PT PANIFICATIE (lei/tona),935,-1.79
SAPTAMANA 01/2025 (Saptamana 02 - 08 ianuarie 2025),SUD,GRAU FURAJER (lei/tona),890,-11
SAPTAMANA 01/2025 (Saptamana 02 - 08 ianuarie 2025),SUD,PORUMB (lei/tona),908,-2.16
SAPTAMANA 01/2025 (Saptamana 02 - 08 ianuarie 2025),SUD,ORZ (lei/tona),-,0
SAPTAMANA 01/2025 (Saptamana 02 - 08 ianuarie 2025),FOB CONSTANTA,GRAU PT PANIFICATIE (lei/tona),1135,-3.07
SAPTAMANA 01/2025 (Saptamana 02 - 08 ianuarie 2025),FOB CONSTANTA,GRAU FURAJER (lei/tona),-,0
SAPTAMANA 01/2025 (Saptamana 02 - 08 ianuarie 2025),FOB CONSTANTA,PORUMB (lei/tona),-,0
SAPTAMANA 01/2025 (Saptamana 02 - 08 ianuarie 2025),FOB CONSTANTA,ORZ (lei/tona),-,0
SAPTAMANA 01/2025 (Saptamana 02 - 08 ianuarie 2025),VEST,ORZ FURAJER (lei/tona),-,0
SAPTAMANA 01/2025 (Saptamana 02 - 08 ianuarie 2025),VEST,FLOAREA SOARELUI (lei/tona),-,0
SAPTAMANA 01/2025 (Saptamana 02 - 08 ianuarie 2025),VEST,RAPITA (lei/tona),-,0
SAPTAMANA 01/2025 (Saptamana 02 - 08 ianuarie 2025),VEST,MERE (lei/tona),-,0
SAPTAMANA 01/2025 (Saptamana 02 - 08 ianuarie 2025),EST,ORZ FURAJER (lei/tona),1025,17.82
SAPTAMANA 01/2025 (Saptamana 02 - 08 ianuarie 2025),EST,FLOAREA SOARELUI (lei/tona),-,0
SAPTAMANA 01/2025 (Saptamana 02 - 08 ianuarie 2025),EST,RAPITA (lei/tona),-,0
SAPTAMANA 01/2025 (Saptamana 02 - 08 ianuarie 2025),EST,MERE (lei/tona),-,0
SAPTAMANA 01/2025 (Saptamana 02 - 08 ianuarie 2025),SUD,ORZ FURAJER (lei/tona),-,0
SAPTAMANA 01/2025 (Saptamana 02 - 08 ianuarie 2025),SUD,FLOAREA SOARELUI (lei/tona),-,0
SAPTAMANA 01/2025 (Saptamana 02 - 08 ianuarie 2025),SUD,RAPITA (lei/tona),-,0
SAPTAMANA 01/2025 (Saptamana 02 - 08 ianuarie 2025),SUD,MERE (lei/tona),-,0
SAPTAMANA 01/2025 (Saptamana 02 - 08 ianuarie 2025),FOB CONSTANTA,ORZ FURAJER (lei/tona),-,0
SAPTAMANA 01/2025 (Saptamana 02 - 08 ianuarie 2025),FOB CONSTANTA,FLOAREA SOARELUI (lei/tona),-,0
SAPTAMANA 01/2025 (Saptamana 02 - 08 ianuarie 2025),FOB CONSTANTA,RAPITA (lei/tona),-,0
SAPTAMANA 01/2025 (Saptamana 02 - 08 ianuarie 2025),FOB CONSTANTA,MERE (lei/tona),-,0
